Timestamp,Vote for your top three favorite designs here! [First Choice],Vote for your top three favorite designs here! [Second Choice],Vote for your top three favorite designs here! [Third Choice]
3/4/2025 12:29:47,Design #4,Design #2,Design #1
3/4/2025 12:30:19,Design #4,Design #3,Design #5
3/4/2025 12:32:54,Design #4,Design #2,Design #3
3/4/2025 12:33:42,Design #4,Design #6,Design #5
3/4/2025 12:36:13,Design #2,Design #4,Design #1
3/4/2025 12:37:11,Design #4,Design #1,Design #5
3/4/2025 12:37:11,Design #4,Design #1,Design #5
3/4/2025 12:37:25,Design #1,Design #4,Design #5
3/4/2025 12:37:44,Design #5,Design #1,Design #2
3/4/2025 12:42:47,Design #2,Design #3,Design #6
3/4/2025 12:52:42,Design #5,Design #6,Design #4
3/4/2025 12:54:46,Design #4,Design #1,Design #5
3/4/2025 13:06:08,Design #4,Design #3,Design #5
3/4/2025 13:06:20,Design #2,Design #4,Design #3
3/4/2025 13:14:31,Design #4,Design #5,Design #1
3/4/2025 13:27:56,Design #4,Design #1,Design #6
3/4/2025 13:28:04,Design #1,Design #5,Design #2
3/4/2025 13:34:17,Design #2,Design #4,Design #3
3/4/2025 13:36:42,Design #2,Design #3,Design #5
3/4/2025 13:57:55,Design #4,Design #3,Design #2
3/4/2025 14:26:32,Design #3,Design #1,Design #6
3/4/2025 14:28:27,Design #3,Design #5,Design #6
3/4/2025 14:36:53,Design #1,Design #6,Design #2
3/4/2025 14:43:13,Design #2,Design #4,Design #6
3/4/2025 15:13:15,Design #2,Design #4,Design #3
3/4/2025 16:16:12,Design #4,Design #1,Design #5
3/4/2025 16:33:20,Design #3,Design #2,Design #5
3/4/2025 16:33:41,Design #1,Design #5,Design #6
3/4/2025 17:37:14,Design #2,Design #3,Design #6
3/4/2025 19:19:40,Design #2,Design #3,Design #4
3/4/2025 23:50:51,Design #4,Design #5,Design #3
3/4/2025 23:56:54,Design #5,Design #1,Design #6
3/5/2025 12:42:03,Design #4,Design #1,Design #2
3/5/2025 13:28:58,Design #4,Design #2,Design #3
3/5/2025 15:02:08,Design #3,Design #4,Design #1
3/5/2025 16:16:34,Design #1,Design #4,Design #5
3/5/2025 18:17:56,Design #6,Design #5,Design #1
3/5/2025 19:42:24,Design #3,Design #4,Design #5
3/5/2025 19:44:01,Design #3,Design #1,Design #5
3/5/2025 20:23:19,Design #4,Design #3,Design #2
3/5/2025 21:05:54,Design #2,Design #3,Design #1
3/7/2025 15:24:29,Design #3,Design #4,Design #2
3/7/2025 18:39:43,Design #1,Design #5,Design #4
3/8/2025 22:39:46,Design #3,Design #2,Design #4
3/9/2025 12:25:15,Design #2,Design #6,Design #5
3/9/2025 12:52:47,Design #1,Design #3,Design #5
3/9/2025 13:01:08,Design #4,Design #3,Design #5
3/9/2025 13:39:55,Design #2,Design #4,Design #6
3/9/2025 14:13:15,Design #4,Design #1,Design #2
3/9/2025 14:22:05,Design #4,Design #5,Design #1